Название,Цена,Ссылка
Подушка для сна Флатми 50x70,2990,https://www.divan.ru/product/podushka-dlya-sna-flatmi-50x70
Подушка для сна Мальф-S,3290,https://www.divan.ru/product/podushka-dlya-sna-malf-s
Подушка для сна Бэлл 50x70,2490,https://www.divan.ru/product/podushka-dlya-sna-bell-50x70
Подушка для тела Снео Yellow,3490,https://www.divan.ru/product/podushka-dlya-tela-sneo-yellow
Подушка для сна Вивьен 50x70 Beige,1390,https://www.divan.ru/product/podushka-dlya-sna-viven-50x70-beige
Подушка для сна Мальф-M,3590,https://www.divan.ru/product/podushka-dlya-sna-malf-m
Подушка для сна Сиена 50x70,2490,https://www.divan.ru/product/podushka-dlya-sna-siena-50x70
Подушка для тела Снео Melange,3490,https://www.divan.ru/product/podushka-dlya-tela-sneo-melange
Комплект для сна Лосен 172x205 Yellow,11490,https://www.divan.ru/product/komplekt-dlya-sna-losen-172x205-yellow
Подушка для сна Илин 50x70,2990,https://www.divan.ru/product/podushka-dlya-sna-ilin-50x70
Подушка для сна Маффи 50x70,2490,https://www.divan.ru/product/podushka-dlya-sna-maffi-50x70
Подушка для сна Вивьен 50x70,1390,https://www.divan.ru/product/podushka-dlya-sna-viven-50x70
Подушка для сна Мальф-L,3990,https://www.divan.ru/product/podushka-dlya-sna-malf-l
Комплект для сна Лосен 172x205 Ocean,11490,https://www.divan.ru/product/komplekt-dlya-sna-losen-172x205-ocean
Подушка для сна Миэль 50x70,3190,https://www.divan.ru/product/podushka-dlya-sna-miel-50x70
Подушка для сна Даос-S,3790,https://www.divan.ru/product/podushka-dlya-sna-daos-s
Подушка для тела Снео Navy Blue,3990,https://www.divan.ru/product/podushka-dlya-tela-sneo-navy-blue
Подушка для сна Даос-L,4790,https://www.divan.ru/product/podushka-dlya-sna-daos-l
Подушка для сна Тинен-L,2990,https://www.divan.ru/product/podushka-dlya-sna-tinen-l
Комплект для сна Лосен 140x205 Oliva,8490,https://www.divan.ru/product/komplekt-dlya-sna-losen-140x205-oliva
Подушка для сна Миллак 50x70,2490,https://www.divan.ru/product/podushka-dlya-sna-millak-50x70
Подушка для сна Даос-M,4390,https://www.divan.ru/product/podushka-dlya-sna-daos-m
Подушка для сна Тинен-M,2790,https://www.divan.ru/product/podushka-dlya-sna-tinen-m
Подушка для тела Снео Lavender,3990,https://www.divan.ru/product/podushka-dlya-tela-sneo-lavender
Подушка для сна Лэйда,1690,https://www.divan.ru/product/podushka-dlya-sna-lejda
Подушка для тела Снео Ocean,3490,https://www.divan.ru/product/podushka-dlya-tela-sneo-ocean
Подушка для сна Космо 50x70,2490,https://www.divan.ru/product/podushka-dlya-sna-kosmo-50x70
Подушка для сна Тинен-S,2590,https://www.divan.ru/product/podushka-dlya-sna-tinen-s
Подушка для тела Снео Olive,3490,https://www.divan.ru/product/podushka-dlya-tela-sneo-olive
Подушка для сна Монсана 50x70,2290,https://www.divan.ru/product/podushka-dlya-sna-monsana-50x70
Подушка для сна Амели 50x70,1990,https://www.divan.ru/product/podushka-dlya-sna-ameli-50x70
Подушка для тела Снео White,3990,https://www.divan.ru/product/podushka-dlya-tela-sneo-white
Подушка для сна Тинда 50x70,990,https://www.divan.ru/product/podushka-dlya-sna-tinda-50x70
Подушка для сна Эрто 50x70,1090,https://www.divan.ru/product/podushka-dlya-sna-erto-50x70
